tool,n,run,rtt_ms,rtt_std_ms,cpu_waf,mem_waf_mb,cpu_obs,mem_obs_mb,inspect_count,inspect_avg_ms,bytes_rx,bytes_tx
docker,1000000,10,2.5252,0.1635,104.82,32.45,0.13,30.94,689300,0.080271,691865060,691865060
docker,1000000,11,2.5295,0.1586,106.09,34.96,0.1,30.95,713300,0.079407,715848107,715848107
docker,1000000,12,2.552,0.242,104.84,33.86,0.12,30.78,692200,0.079526,694845362,694845362
docker,1000000,13,2.5138,0.1813,106.06,35.34,0.1,30.62,715500,0.079179,718251297,718251297
docker,1000000,14,2.4838,0.192,106.12,35.35,0.12,30.82,716400,0.079139,719146046,719146046
docker,1000000,15,2.5113,0.1676,105.92,33.52,0.12,30.86,708900,0.080096,711576638,711576638
docker,1000000,16,2.5572,0.1868,104.83,34.7,0.12,30.87,679600,0.080215,690254591,690254591
docker,1000000,17,2.4816,0.1415,106.25,34.38,0.12,30.86,714200,0.077793,725309903,725309903
docker,1000000,18,2.5292,0.1696,104.86,34.67,0.12,30.83,690600,0.079509,693199809,693199809
docker,1000000,19,2.5658,0.156,105.94,36.07,0.13,30.84,706200,0.080437,708832887,708832887
docker,1000000,1,2.494,0.1587,104.84,34.47,0.12,30.95,694700,0.079023,697331212,697331212
docker,1000000,20,2.4963,0.164,106.13,33.96,0.12,30.61,709100,0.079966,711719928,711719928
docker,1000000,21,2.5136,0.1646,106.05,34.85,0.12,30.62,705800,0.079462,716695285,716695285
docker,1000000,22,2.5138,0.1597,105.99,34.52,0.12,30.75,705700,0.080874,708280363,708280363
docker,1000000,23,2.519,0.1634,106.23,35.07,0.12,30.82,703400,0.079716,714244834,714244834
docker,1000000,24,2.4974,0.1638,104.84,34.13,0.13,30.77,689900,0.079756,692512368,692512368
docker,1000000,25,2.4601,0.1622,106.48,35.04,0.12,30.62,714900,0.079308,717624844,717624844
docker,1000000,26,2.5265,0.1761,106.13,34.17,0.12,30.75,715400,0.079624,718102880,718102880
docker,1000000,27,2.5102,0.1702,106.17,34.24,0.13,30.75,712300,0.079197,714891983,714891983
docker,1000000,28,2.5576,0.1718,104.78,33.33,0.12,31.01,686800,0.080184,689340498,689340498
docker,1000000,29,2.5261,0.1698,104.86,33.36,0.12,30.95,695500,0.079367,698115861,698115861
docker,1000000,2,2.4667,0.1465,106.19,33.62,0.12,30.95,681000,0.081962,699727868,699727868
docker,1000000,30,2.4873,0.1707,106.03,33.85,0.12,30.82,709300,0.080243,711947897,711947897
docker,1000000,3,2.4669,0.1697,104.86,33.59,0.1,30.99,693400,0.079315,696018724,696018724
docker,1000000,4,2.511,0.1669,106.38,34.03,0.12,30.66,705900,0.079429,716832119,716832119
docker,1000000,5,2.4796,0.1783,104.83,33.94,0.1,30.77,687100,0.080247,689736778,689736778
docker,1000000,6,2.4798,0.1312,104.87,33.21,11.56,30.63,683200,0.079548,693967414,693967414
docker,1000000,7,2.4947,0.143,106.1,35.32,0.12,30.66,714000,0.079431,716636551,716636551
docker,1000000,8,2.4892,0.1672,106.03,35.52,0.12,30.7,700700,0.081548,703227199,703227199
docker,1000000,9,2.5135,0.1761,106.19,33.85,0.13,30.7,700100,0.079234,719289371,719289371
docker,100000,10,2.5918,0.1958,43.71,20.97,0.12,30.83,100000,0.079191,100472156,100472156
docker,100000,11,2.5999,0.2131,44.56,21.02,0.12,31.01,100000,0.079195,100466995,100466995
docker,100000,12,2.5426,0.2188,50.69,20.23,0.12,30.83,100000,0.080026,100476229,100476229
docker,100000,13,2.5972,0.2351,50.42,19.96,21.13,30.62,100000,0.080033,100470257,100470257
docker,100000,14,2.5785,0.2016,44.44,21.16,0.15,30.83,100000,0.080843,100472043,100472043
docker,100000,15,2.5358,0.2192,50.03,20.17,0.12,30.82,100000,0.078925,100466998,100466998
docker,100000,16,2.5683,0.229,49.84,20.34,0.12,30.99,100000,0.079159,100470032,100470032
docker,100000,17,2.5521,0.1969,43.45,20.97,0.08,30.55,100000,0.079306,100469160,100469160
docker,100000,18,2.5599,0.2343,49.77,20.35,0.12,30.82,100000,0.079063,100466676,100466676
docker,100000,19,2.6308,0.1386,44.02,20.76,0.12,30.83,100000,0.07891,100508754,100508754
docker,100000,1,2.6024,0.2424,44.83,20.66,0.12,30.91,100000,0.080006,100471262,100471262
docker,100000,20,2.5988,0.1847,43.98,20.72,0.15,30.8,100000,0.079265,100510140,100510140
docker,100000,21,2.5733,0.2776,50.31,20.32,0.12,30.86,100000,0.079192,100470004,100470004
docker,100000,22,2.5683,0.2351,44.76,21.0,0.15,30.83,100000,0.079592,100468904,100468904
docker,100000,23,2.5701,0.1947,43.78,21.09,0.12,30.62,100000,0.079366,100472642,100472642
docker,100000,24,2.5687,0.2306,50.51,20.39,0.12,30.62,100000,0.08018,100472587,100472587
docker,100000,25,2.5774,0.2375,44.19,20.7,0.15,30.67,100000,0.079481,100478500,100478500
docker,100000,26,2.5675,0.218,44.62,20.92,0.12,30.62,100000,0.080061,100471724,100471724
docker,100000,27,2.5197,0.1664,44.12,20.47,0.12,30.57,100000,0.079972,100471689,100471689
docker,100000,28,2.545,0.1975,50.26,20.26,0.12,30.83,100000,0.079967,100470531,100470531
docker,100000,29,2.5806,0.1757,51.1,20.53,0.15,30.9,100000,0.081422,100468444,100468444
docker,100000,2,2.5245,0.2511,50.47,20.22,0.12,30.79,100000,0.080109,100472249,100472249
docker,100000,30,2.5897,0.1856,44.49,20.8,0.12,30.57,100000,0.081217,100469913,100469913
docker,100000,3,2.5858,0.2252,44.2,21.02,0.12,30.7,100000,0.079964,100471002,100471002
docker,100000,4,2.5938,0.2561,50.21,20.33,0.12,30.76,100000,0.079153,100467302,100467302
docker,100000,5,2.6279,0.1893,43.21,20.89,15.4,31.01,100000,0.079186,100537687,100537687
docker,100000,6,2.5995,0.2089,43.55,21.1,0.12,30.65,100000,0.078761,100469321,100469321
docker,100000,7,2.6072,0.1938,43.7,20.9,0.15,30.59,100000,0.07934,100469628,100469628
docker,100000,8,2.5856,0.2033,44.04,20.67,0.12,30.82,100000,0.079492,100502118,100502118
docker,100000,9,2.5588,0.2523,44.05,20.88,0.08,30.67,100000,0.080001,100466786,100466786
docker,2000000,10,2.4987,0.1707,106.16,40.38,0.12,31.01,1235100,0.079552,1264122107,1264122107
docker,2000000,11,2.5496,0.1702,106.23,39.84,0.12,30.85,1260700,0.079246,1265352860,1265352860
docker,2000000,12,2.5139,0.1556,106.3,41.85,0.12,30.6,1247400,0.080573,1251921326,1251921326
docker,2000000,13,2.5396,0.3137,106.13,41.12,0.12,30.68,1236400,0.080881,1249287658,1249287658
docker,2000000,14,2.4992,0.1736,106.22,41.32,0.11,30.77,1254400,0.080146,1258974215,1258974215
docker,2000000,15,2.5208,0.1523,105.46,39.18,0.12,30.7,1240500,0.07945,1245229778,1245229778
docker,2000000,16,2.5116,0.1396,106.12,39.86,0.12,30.73,1261500,0.079373,1266045959,1266045959
docker,2000000,17,2.4716,0.1413,106.15,41.08,0.11,30.63,1254000,0.079336,1266866770,1266866770
docker,2000000,18,2.4957,0.1605,105.5,38.83,0.12,31.01,1234600,0.079192,1247537534,1247537534
docker,2000000,19,2.5131,0.1611,105.52,38.44,0.12,30.75,1238500,0.079461,1243045429,1243045429
docker,2000000,1,2.5223,0.1638,106.14,41.5,3.57,30.84,1252300,0.080397,1256906056,1256906056
docker,2000000,20,2.494,0.1566,105.61,39.23,0.11,30.84,1249400,0.079033,1253939583,1253939583
docker,2000000,21,2.4897,0.1359,106.43,39.71,0.12,30.79,1252200,0.079407,1264937011,1264937011
docker,2000000,22,2.5485,0.1652,106.21,41.48,0.12,30.8,1235900,0.080955,1248506941,1248506941
docker,2000000,23,2.5188,0.1613,106.32,41.8,0.12,30.61,1251500,0.080348,1256147150,1256147150
docker,2000000,24,2.5017,0.1627,105.51,39.31,0.12,30.82,1239300,0.079323,1243921373,1243921373
docker,2000000,25,2.504,0.17,105.46,38.63,3.28,30.87,1235800,0.0798,1240381349,1240381349
docker,2000000,26,2.516,0.2862,106.3,39.43,0.12,30.79,1256400,0.079471,1269279963,1269279963
docker,2000000,27,2.4795,0.1344,105.44,40.59,0.12,30.99,1232000,0.080449,1236643158,1236643158
docker,2000000,28,2.4717,0.1569,106.27,39.96,0.12,30.67,1255900,0.079561,1268630038,1268630038
docker,2000000,29,2.523,0.167,106.16,39.06,0.12,30.59,1247000,0.079971,1259803201,1259803201
docker,2000000,2,2.4947,0.1466,106.23,42.06,0.12,30.61,1259100,0.079252,1263659285,1263659285
docker,2000000,30,2.502,0.1664,106.32,42.46,0.11,30.87,1245300,0.079105,1266303802,1266303802
docker,2000000,3,2.5054,0.1717,106.26,40.68,0.12,30.75,1252400,0.079286,1265212213,1265212213
docker,2000000,4,2.5272,0.1637,105.53,40.36,0.12,30.79,1230600,0.079398,1243505941,1243505941
docker,2000000,5,2.5143,0.1684,106.42,40.6,0.11,30.63,1255000,0.079438,1267701475,1267701475
docker,2000000,6,2.4735,0.1638,106.18,41.24,0.12,30.83,1260300,0.079193,1264880410,1264880410
docker,2000000,7,2.5183,0.1598,106.28,43.51,0.12,30.69,1260200,0.07947,1264741963,1264741963
docker,2000000,8,2.4884,0.1445,105.49,38.79,0.12,30.75,1230600,0.079568,1235165060,1235165060
docker,2000000,9,2.5418,0.1528,106.28,36.85,0.11,30.84,1257400,0.079366,1261982917,1261982917
docker,500000,10,2.5496,0.1831,106.78,30.18,0.11,30.98,441400,0.079577,443177998,443177998
docker,500000,11,2.5039,0.1988,105.93,30.4,0.09,30.71,443000,0.079314,444784653,444784653
docker,500000,12,2.4871,0.1578,105.96,30.59,0.13,30.92,444900,0.079382,446692983,446692983
docker,500000,13,2.5227,0.1744,105.89,30.16,9.53,30.74,439300,0.080334,440976446,440976446
docker,500000,14,2.5321,0.2218,105.96,29.39,0.13,30.79,445600,0.079105,447335408,447335408
docker,500000,15,2.4947,0.1742,103.96,29.74,0.11,30.84,420000,0.080497,421695102,421695102
docker,500000,16,2.5214,0.1865,106.77,29.54,0.09,30.7,441100,0.080721,442870172,442870172
docker,500000,17,2.5003,0.1876,106.01,30.69,0.13,30.63,441800,0.079907,443497277,443497277
docker,500000,18,2.5193,0.1748,103.91,29.26,0.11,30.85,422300,0.079632,423922187,423922187
docker,500000,19,2.4819,0.1834,105.94,30.01,0.11,30.68,436500,0.079685,446621722,446621722
docker,500000,1,2.518,0.1855,105.69,30.35,8.74,31.01,440300,0.08018,442122681,442122681
docker,500000,20,2.4668,0.1238,105.75,30.2,8.01,30.83,440700,0.080612,442419758,442419758
docker,500000,21,2.4851,0.1696,106.48,30.48,0.11,30.91,442900,0.07979,444646708,444646708
docker,500000,22,2.5101,0.2668,103.89,28.67,0.11,30.83,421300,0.079986,422917256,422917256
docker,500000,23,2.5544,0.1855,105.92,30.05,0.11,30.76,407700,0.079864,442045792,442045792
docker,500000,24,2.4763,0.1637,104.01,29.45,9.53,30.84,405800,0.079401,423691144,423691144
docker,500000,25,2.5238,0.1618,106.44,30.01,0.13,30.64,427900,0.079427,446151281,446151281
docker,500000,26,2.5313,0.161,105.94,30.42,0.09,30.68,442500,0.079798,444250862,444250862
docker,500000,27,2.5573,0.183,103.92,29.21,0.11,30.99,423500,0.079569,425117886,425117886
docker,500000,28,2.4619,0.1538,106.14,30.36,9.94,30.97,443100,0.079301,445022340,445022340
docker,500000,29,2.5099,0.1759,105.97,30.35,0.11,30.85,435200,0.079597,445174143,445174143
docker,500000,2,2.5069,0.1987,105.91,30.64,0.11,30.62,426200,0.079874,444227367,444227367
docker,500000,30,2.4802,0.1835,106.22,28.99,0.11,30.82,444500,0.079627,446229815,446229815
docker,500000,3,2.513,0.1436,103.94,28.89,0.13,30.63,423200,0.079299,424787416,424787416
docker,500000,4,2.4986,0.2012,103.99,28.68,0.09,30.75,414800,0.079497,424502659,424502659
docker,500000,5,2.4972,0.1123,105.87,30.72,0.11,30.9,443500,0.079457,445266146,445266146
docker,500000,6,2.5259,0.2256,104.07,27.91,0.11,30.84,426700,0.079127,428410496,428410496
docker,500000,7,2.5003,0.1815,106.22,30.46,10.21,30.85,442000,0.079827,443764020,443764020
docker,500000,8,2.5087,0.1833,103.99,28.81,0.11,30.83,407600,0.079309,425501888,425501888
docker,500000,9,2.4733,0.1587,103.98,29.86,0.11,30.72,398200,0.079625,424195938,424195938
ebpf,1000000,10,0.5,0.0548,104.87,41.51,0.05,14.95,696100,0.080719,620913082,8657555
ebpf,1000000,11,0.4925,0.0534,104.95,41.11,0.03,15.04,705600,0.079936,622248965,8675059
ebpf,1000000,12,0.5007,0.0623,104.95,41.47,0.06,14.94,710400,0.079492,627660905,8751808
ebpf,1000000,13,0.5057,0.0603,104.88,39.89,0.03,14.94,698700,0.079789,624437788,8706353
ebpf,1000000,14,0.5046,0.0558,104.9,40.96,0.05,14.93,700700,0.079497,626246517,8731195
ebpf,1000000,15,0.5008,0.0474,104.85,41.08,0.03,15.07,710500,0.079225,626443574,8733490
ebpf,1000000,16,0.4891,0.0446,104.93,40.31,0.03,14.93,701300,0.079324,625947013,8727146
ebpf,1000000,17,0.512,0.0564,104.92,39.95,0.05,14.92,713600,0.079071,628992612,8769958
ebpf,1000000,18,0.5049,0.0511,104.94,40.24,0.05,14.93,709200,0.079429,625264597,8716889
ebpf,1000000,19,0.496,0.0493,104.9,41.95,0.03,14.93,710900,0.079603,626822839,8738808
ebpf,1000000,1,0.4983,0.0482,104.83,39.94,0.05,14.9,698600,0.081383,616047902,8589344
ebpf,1000000,20,0.4801,0.0437,104.95,40.1,0.06,14.93,705300,0.079625,621972700,8670110
ebpf,1000000,21,0.5107,0.0569,104.86,39.82,0.05,14.94,707300,0.079867,624807524,8711676
ebpf,1000000,22,0.5163,0.0608,104.89,40.6,0.03,14.9,699400,0.079906,624704333,8711353
ebpf,1000000,23,0.4809,0.0427,104.91,39.06,0.03,14.84,701400,0.081075,618223714,8619734
ebpf,1000000,24,0.4988,0.0542,104.9,39.71,0.03,14.98,708500,0.079522,625765944,8724582
ebpf,1000000,25,0.5001,0.045,104.88,41.09,0.05,14.96,695000,0.079334,627966690,8755741
ebpf,1000000,26,0.4955,0.0429,104.86,39.37,0.05,15.01,705200,0.079917,621821001,8669476
ebpf,1000000,27,0.4912,0.0511,104.88,40.25,0.05,15.06,707000,0.079936,624548939,8707822
ebpf,1000000,28,0.4889,0.0474,104.92,42.01,0.05,15.07,707700,0.079589,624174185,8701203
ebpf,1000000,29,0.5043,0.0536,104.87,40.37,0.03,14.97,706500,0.07975,623022753,8686841
ebpf,1000000,2,0.4982,0.0457,104.92,41.55,0.05,15.09,701000,0.079331,626305664,8732050
ebpf,1000000,30,0.5098,0.0556,104.87,41.6,0.03,14.97,702400,0.080083,619400916,8636185
ebpf,1000000,3,0.4978,0.0467,104.92,41.88,0.03,14.94,711100,0.07935,626937086,8740888
ebpf,1000000,4,0.496,0.0469,104.87,42.2,0.05,15.05,700500,0.079531,624923539,8713058
ebpf,1000000,5,0.5005,0.0474,104.88,40.9,0.03,15.04,706000,0.079991,622515902,8679590
ebpf,1000000,6,0.4965,0.0547,104.88,40.88,0.06,14.93,705000,0.080256,622779338,8683311
ebpf,1000000,7,0.5089,0.0488,104.9,40.6,0.03,15.02,711100,0.079264,627990391,8756776
ebpf,1000000,8,0.5034,0.0538,104.93,40.73,0.05,14.97,708800,0.079342,625097801,8715251
ebpf,1000000,9,0.4975,0.0559,104.93,41.94,0.03,15.06,704000,0.079777,621878184,8670092
ebpf,100000,10,0.5312,0.0722,41.42,29.0,0.04,15.02,100000,0.08071,86134584,1203360
ebpf,100000,11,0.5246,0.0611,116.98,28.52,0.04,14.98,100000,0.080144,85896449,1200425
ebpf,100000,12,0.5124,0.0504,41.65,29.14,0.0,14.98,100000,0.081785,84904598,1186640
ebpf,100000,13,0.5031,0.0517,40.85,29.1,0.0,15.03,100000,0.079281,85678709,1197918
ebpf,100000,14,0.5321,0.0608,40.81,29.2,0.0,14.91,100000,0.079252,86053513,1201464
ebpf,100000,15,0.5681,0.0755,41.15,29.08,0.04,14.96,100000,0.079729,86000816,1201646
ebpf,100000,16,0.5365,0.0635,40.88,28.98,0.08,15.04,100000,0.079414,84620365,1183198
ebpf,100000,17,0.5369,0.0654,40.88,28.59,0.04,14.94,100000,0.07933,86055461,1203059
ebpf,100000,18,0.5466,0.0692,40.73,28.5,0.04,14.96,100000,0.079606,85120238,1189535
ebpf,100000,19,0.5254,0.048,41.19,28.82,0.04,14.96,100000,0.079471,85892828,1199717
ebpf,100000,1,0.5278,0.0609,41.0,29.08,0.04,14.94,100000,0.07997,84864481,1186365
ebpf,100000,20,0.5345,0.0518,40.73,29.15,0.04,14.93,100000,0.080238,84793910,1185900
ebpf,100000,21,0.5303,0.0474,40.35,28.96,0.04,14.98,100000,0.079262,84828223,1185992
ebpf,100000,22,0.5245,0.0544,40.62,29.12,0.08,14.94,100000,0.079332,84759134,1184786
ebpf,100000,23,0.5371,0.0601,40.73,28.43,0.04,14.96,100000,0.079235,84720925,1184980
ebpf,100000,24,0.5291,0.0696,41.23,28.91,0.04,14.96,100000,0.08019,84984619,1187398
ebpf,100000,25,0.521,0.0677,41.08,29.02,0.0,14.93,100000,0.080622,84737262,1184258
ebpf,100000,26,0.5352,0.0715,107.08,28.5,0.08,15.04,100000,0.079561,85973597,1200786
ebpf,100000,27,0.5227,0.064,114.96,28.96,0.04,15.05,100000,0.079841,85959395,1201668
ebpf,100000,28,0.5063,0.0542,40.42,28.61,0.04,14.98,100000,0.079383,84716748,1184890
ebpf,100000,29,0.5334,0.0528,114.41,28.91,0.08,14.99,100000,0.079316,85723613,1197690
ebpf,100000,2,0.5352,0.0708,40.54,28.63,0.04,15.08,100000,0.079362,84772527,1184969
ebpf,100000,30,0.5257,0.0695,41.04,28.83,0.04,14.96,100000,0.081134,84974540,1188095
ebpf,100000,3,0.5373,0.0606,40.58,29.09,0.04,15.02,100000,0.079319,84829161,1185400
ebpf,100000,4,0.5377,0.0625,41.46,28.52,0.04,15.06,100000,0.080442,85909718,1200264
ebpf,100000,5,0.5413,0.0859,40.38,29.14,0.08,15.04,100000,0.079014,84717000,1184498
ebpf,100000,6,0.5331,0.0599,40.54,29.26,0.04,14.98,100000,0.079825,84830655,1185457
ebpf,100000,7,0.5195,0.061,124.49,29.0,0.08,14.96,100000,0.080197,84855433,1186717
ebpf,100000,8,0.5484,0.0711,41.08,28.85,0.04,14.99,100000,0.079948,84765025,1185723
ebpf,100000,9,0.5334,0.0579,108.31,28.93,0.0,14.97,100000,0.079049,86090392,1202459
ebpf,2000000,10,0.489,0.047,105.46,45.88,0.04,14.99,1244300,0.079413,1108364541,15450225
ebpf,2000000,11,0.4958,0.0445,117.36,46.27,0.05,15.04,1246200,0.08033,1101571710,15357078
ebpf,2000000,12,0.4899,0.0486,105.58,44.75,0.04,14.92,1257000,0.079493,1111242577,15493584
ebpf,2000000,13,0.4956,0.0518,105.61,46.15,0.05,14.93,1254600,0.079586,1110384845,15479883
ebpf,2000000,14,0.498,0.0537,105.48,46.8,0.05,15.01,1250900,0.079615,1105850282,15415891
ebpf,2000000,15,0.505,0.051,105.51,45.65,0.05,15.04,1256600,0.079484,1111141693,15489705
ebpf,2000000,16,0.496,0.0494,105.48,46.71,0.04,15.07,1243000,0.079723,1107375256,15436599
ebpf,2000000,17,0.4985,0.0497,105.4,47.83,0.05,15.02,1248500,0.079878,1103778742,15386920
ebpf,2000000,18,0.4872,0.0418,105.48,46.02,0.05,14.96,1258400,0.079327,1112358784,15507366
ebpf,2000000,19,0.5109,0.1092,105.45,46.08,0.05,14.93,1241800,0.079375,1105030801,15404850
ebpf,2000000,1,0.5001,0.0484,105.48,47.01,0.05,14.99,1259600,0.078922,1114656952,15540025
ebpf,2000000,20,0.4942,0.0484,105.42,46.42,0.05,15.04,1250300,0.079756,1105361964,15410056
ebpf,2000000,21,0.4933,0.0492,105.42,47.86,0.05,14.98,1252600,0.079895,1107735053,15441672
ebpf,2000000,22,0.4925,0.0439,105.43,48.37,0.04,14.98,1251100,0.079575,1106071195,15419505
ebpf,2000000,23,0.4941,0.0459,105.45,45.87,0.05,14.93,1254900,0.079394,1109452128,15467493
ebpf,2000000,24,0.5028,0.0537,105.61,47.08,0.05,15.07,1249600,0.079276,1112221398,15506028
ebpf,2000000,25,0.4926,0.048,105.47,48.58,0.05,15.05,1253500,0.079423,1108227872,15449155
ebpf,2000000,26,0.4932,0.0475,105.51,48.18,0.05,14.98,1253700,0.079313,1108228636,15450178
ebpf,2000000,27,0.4928,0.0458,105.49,44.73,0.05,14.93,1239600,0.079515,1110115870,15476770
ebpf,2000000,28,0.4991,0.052,105.48,45.5,0.05,14.93,1243400,0.079478,1106082499,15419852
ebpf,2000000,29,0.4965,0.048,119.23,47.63,0.05,15.04,1246900,0.079412,1109512017,15467894
ebpf,2000000,2,0.5,0.052,105.39,47.01,0.05,14.96,1243700,0.080101,1099696084,15330198
ebpf,2000000,30,0.4976,0.0497,105.44,46.97,0.05,14.99,1255700,0.079328,1110092358,15475493
ebpf,2000000,3,0.4943,0.0458,105.45,43.75,0.04,14.9,1250300,0.07972,1106349067,15422444
ebpf,2000000,4,0.5047,0.0491,105.38,46.68,0.05,15.02,1230300,0.081271,1087643985,15161765
ebpf,2000000,5,0.4914,0.0476,105.52,44.68,0.05,14.97,1256900,0.079351,1111176976,15491692
ebpf,2000000,6,0.5091,0.0468,105.49,45.03,0.05,14.95,1256500,0.079323,1111963946,15501684
ebpf,2000000,7,0.4909,0.045,105.56,46.71,0.05,15.06,1242100,0.080477,1106497332,15425626
ebpf,2000000,8,0.501,0.052,117.99,46.74,0.05,14.97,1247800,0.080021,1104240567,15393159
ebpf,2000000,9,0.5056,0.0496,105.47,45.15,0.05,15.07,1258400,0.079318,1112384308,15507539
ebpf,500000,10,0.5132,0.0478,104.1,36.08,0.04,14.9,439400,0.079645,385933719,5377789
ebpf,500000,11,0.4903,0.0562,104.14,36.08,0.06,14.96,424800,0.079541,388605628,5414627
ebpf,500000,12,0.5151,0.0637,142.95,36.87,0.04,15.02,441600,0.07906,388979192,5419742
ebpf,500000,13,0.4864,0.0466,104.04,36.31,0.04,14.96,431700,0.080183,386261259,5381413
ebpf,500000,14,0.4981,0.0503,104.12,36.31,0.04,14.9,438300,0.080621,385102208,5365125
ebpf,500000,15,0.4974,0.0549,139.24,36.51,0.04,14.97,442000,0.079615,388429566,5412722
ebpf,500000,16,0.5104,0.0517,104.12,36.14,0.04,14.98,441900,0.079276,388426888,5412240
ebpf,500000,17,0.4802,0.0495,104.1,37.34,0.02,14.92,440500,0.079902,386917272,5391844
ebpf,500000,18,0.5155,0.0553,104.08,36.65,0.04,14.96,441000,0.07948,387451604,5398747
ebpf,500000,19,0.488,0.0525,104.16,37.23,0.04,15.07,438600,0.07999,386471411,5385369
ebpf,500000,1,0.4966,0.0548,104.14,36.03,0.06,15.01,441100,0.079426,388704639,5416746
ebpf,500000,20,0.4912,0.044,104.16,36.56,0.06,15.07,432700,0.079754,387303709,5397805
ebpf,500000,21,0.497,0.0471,104.12,36.7,0.06,14.88,442000,0.079524,388491743,5412756
ebpf,500000,22,0.4959,0.0493,104.17,35.79,0.04,14.97,427300,0.081074,382665719,5332051
ebpf,500000,23,0.4978,0.058,104.08,36.18,0.06,14.98,433600,0.079207,389413739,5425764
ebpf,500000,24,0.4917,0.0443,104.12,36.43,0.06,14.89,442400,0.079344,389751224,5431191
ebpf,500000,25,0.4835,0.0459,137.81,36.54,0.04,15.02,442500,0.079154,388754058,5416847
ebpf,500000,26,0.4953,0.0572,139.84,35.52,0.02,15.07,439200,0.079351,386813132,5390323
ebpf,500000,27,0.5021,0.0579,104.1,36.06,0.06,15.07,433200,0.079408,387726296,5402187
ebpf,500000,28,0.4989,0.0525,104.1,36.18,40.09,14.94,436300,0.08059,384438873,5357667
ebpf,500000,29,0.502,0.0556,139.31,36.46,0.04,14.91,438900,0.079713,386556530,5386201
ebpf,500000,2,0.4931,0.043,104.12,36.69,0.04,14.95,441800,0.079319,388049301,5407498
ebpf,500000,30,0.5019,0.0516,104.21,36.63,0.06,14.96,424900,0.07954,387399450,5398423
ebpf,500000,3,0.5014,0.0599,104.1,36.77,0.04,14.95,440500,0.079509,388247494,5410080
ebpf,500000,4,0.498,0.0503,104.14,36.92,0.04,14.93,425300,0.079397,387838855,5403880
ebpf,500000,5,0.4957,0.0436,104.1,36.11,0.04,14.97,441800,0.079614,388039567,5408122
ebpf,500000,6,0.5019,0.0544,104.14,36.15,0.06,14.94,441900,0.079342,388389235,5412120
ebpf,500000,7,0.4899,0.0429,104.16,36.71,0.06,14.93,417000,0.079128,387955828,5405484
ebpf,500000,8,0.4961,0.0521,104.16,37.85,0.04,14.98,443300,0.079421,389216524,5423321
ebpf,500000,9,0.4957,0.0509,104.16,36.25,0.04,14.96,435500,0.079024,389519359,5426943
prometheus,1000000,10,0.5752,0.0521,104.9,40.35,0.06,24.8,690100,0.079944,692825288,692825288
prometheus,1000000,11,0.5829,0.053,104.83,38.14,0.07,24.6,688100,0.080246,690710283,690710283
prometheus,1000000,12,0.5895,0.0616,104.87,39.08,0.06,24.56,683100,0.079845,693895976,693895976
prometheus,1000000,13,0.5923,0.0534,104.8,40.44,0.06,24.5,676000,0.079464,694895696,694895696
prometheus,1000000,14,0.5834,0.0627,104.89,40.41,0.07,24.79,689600,0.080056,692244104,692244104
prometheus,1000000,15,0.5923,0.0521,104.9,39.04,0.06,24.73,691800,0.079335,694428425,694428425
prometheus,1000000,16,0.5864,0.0529,105.05,39.95,0.05,24.54,694200,0.079309,696832362,696832362
prometheus,1000000,17,0.5862,0.0568,104.97,41.09,0.06,24.49,689000,0.079138,691576815,691576815
prometheus,1000000,18,0.5891,0.0634,104.88,40.22,0.06,24.47,674900,0.079915,693980387,693980387
prometheus,1000000,19,0.5783,0.0501,104.89,40.47,0.05,24.59,692000,0.079466,694621397,694621397
prometheus,1000000,1,0.6121,0.0723,104.96,39.76,0.07,24.69,693400,0.079129,696031158,696031158
prometheus,1000000,20,0.5847,0.0591,104.89,39.42,0.05,24.6,688800,0.079936,691436702,691436702
prometheus,1000000,21,0.5808,0.0555,104.9,40.44,0.06,24.81,692400,0.079569,694940569,694940569
prometheus,1000000,22,0.603,0.067,104.84,40.55,0.06,24.73,692900,0.079333,695576521,695576521
prometheus,1000000,23,0.5885,0.0597,104.93,41.43,0.06,24.52,663300,0.079026,697356486,697356486
prometheus,1000000,24,0.5836,0.0575,104.96,39.57,0.06,24.66,690600,0.079477,693240148,693240148
prometheus,1000000,25,0.5858,0.0642,104.93,39.73,0.06,24.48,692700,0.079385,695360568,695360568
prometheus,1000000,26,0.5808,0.0538,104.89,39.63,0.06,24.79,689100,0.079966,691711204,691711204
prometheus,1000000,27,0.582,0.0584,104.91,39.72,0.07,24.79,695300,0.0793,697922603,697922603
prometheus,1000000,28,0.5936,0.0565,104.91,40.2,0.06,24.57,692000,0.079468,694625173,694625173
prometheus,1000000,29,0.5833,0.0535,104.93,39.06,23.51,24.48,693100,0.079381,695674701,695674701
prometheus,1000000,2,0.5806,0.0541,104.88,41.18,0.06,24.81,677100,0.079445,696141564,696141564
prometheus,1000000,30,0.5901,0.0581,104.92,38.12,0.06,24.5,690100,0.079486,692758779,692758779
prometheus,1000000,3,0.5839,0.0534,104.95,39.32,0.07,24.53,693600,0.079509,696242168,696242168
prometheus,1000000,4,0.5919,0.065,104.76,40.67,0.06,24.73,683800,0.080658,686345453,686345453
prometheus,1000000,5,0.5787,0.0584,104.95,40.45,0.05,24.55,677300,0.079147,696356200,696356200
prometheus,1000000,6,0.5859,0.0511,104.86,40.2,0.06,24.6,691500,0.07979,694140523,694140523
prometheus,1000000,7,0.5908,0.0552,104.88,40.21,0.06,24.6,689400,0.080196,692032382,692032382
prometheus,1000000,8,0.5815,0.0579,104.92,39.89,0.06,24.47,677300,0.079168,696333256,696333256
prometheus,1000000,9,0.5849,0.0616,104.83,41.06,0.06,24.52,681900,0.081115,684428068,684428068
prometheus,100000,10,0.6181,0.0726,50.41,28.24,0.08,24.69,100000,0.079777,100464479,100464479
prometheus,100000,11,0.631,0.0733,50.83,28.14,0.12,24.66,100000,0.08008,100467415,100467415
prometheus,100000,12,0.6228,0.0769,50.71,27.71,0.04,24.8,100000,0.080087,100471272,100471272
prometheus,100000,13,0.6166,0.076,50.6,28.34,0.08,24.78,100000,0.080407,100464782,100464782
prometheus,100000,14,0.6413,0.0835,50.29,28.16,0.04,24.42,100000,0.079443,100466760,100466760
prometheus,100000,15,0.6264,0.079,50.75,28.08,0.08,24.64,100000,0.080785,100465354,100465354
prometheus,100000,16,0.614,0.0756,50.17,28.07,0.08,24.6,100000,0.07924,100465797,100465797
prometheus,100000,17,0.6273,0.0845,50.37,28.29,0.04,24.59,100000,0.079134,100474172,100474172
prometheus,100000,18,0.6504,0.0903,50.37,27.89,0.08,24.82,100000,0.079307,100465543,100465543
prometheus,100000,19,0.6064,0.0605,50.37,28.37,0.0,24.79,100000,0.07959,100468627,100468627
prometheus,100000,1,0.6065,0.0688,50.56,27.6,0.04,24.64,100000,0.079399,100476831,100476831
prometheus,100000,20,0.6329,0.0782,50.25,28.25,0.04,24.56,100000,0.07957,100467121,100467121
prometheus,100000,21,0.6182,0.0767,50.1,28.41,0.08,24.51,100000,0.079195,100465798,100465798
prometheus,100000,22,0.6126,0.0752,50.56,28.29,0.08,24.52,100000,0.079937,100467075,100467075
prometheus,100000,23,0.6272,0.0593,50.67,28.34,0.08,24.48,100000,0.080179,100471195,100471195
prometheus,100000,24,0.6178,0.0875,50.41,28.45,0.08,24.55,100000,0.079653,100481153,100481153
prometheus,100000,25,0.631,0.078,50.22,27.62,0.04,24.59,100000,0.079333,100466708,100466708
prometheus,100000,26,0.6263,0.0834,50.56,27.82,0.04,24.55,100000,0.080014,100465050,100465050
prometheus,100000,27,0.6055,0.0654,50.37,28.51,0.08,24.77,100000,0.079583,100467941,100467941
prometheus,100000,28,0.6247,0.0723,50.63,28.35,0.08,24.52,100000,0.080029,100471212,100471212
prometheus,100000,29,0.6453,0.0684,50.37,28.43,0.08,24.59,100000,0.079772,100469139,100469139
prometheus,100000,2,0.6221,0.0798,50.71,27.77,0.08,24.76,100000,0.080292,100473149,100473149
prometheus,100000,30,0.6005,0.0567,50.14,28.02,0.08,24.81,100000,0.079365,100466782,100466782
prometheus,100000,3,0.641,0.0705,50.25,28.47,0.04,24.59,100000,0.079167,100465122,100465122
prometheus,100000,4,0.629,0.0709,50.37,27.97,0.08,24.52,100000,0.079113,100476721,100476721
prometheus,100000,5,0.634,0.0813,50.37,28.15,0.08,24.36,100000,0.079194,100482910,100482910
prometheus,100000,6,0.6429,0.0735,50.41,28.01,0.04,24.76,100000,0.079228,100466867,100466867
prometheus,100000,7,0.6231,0.0804,50.45,28.36,0.08,24.49,100000,0.079237,100468934,100468934
prometheus,100000,8,0.6165,0.081,50.1,28.34,0.08,24.55,100000,0.079099,100466456,100466456
prometheus,100000,9,0.627,0.0842,50.6,28.31,0.08,24.68,100000,0.079476,100473506,100473506
prometheus,2000000,10,0.5757,0.0599,105.54,47.26,0.05,24.73,1242100,0.079365,1246668482,1246668482
prometheus,2000000,11,0.6006,0.0628,105.49,47.23,0.06,24.48,1231400,0.079301,1244042249,1244042249
prometheus,2000000,12,0.5842,0.0526,105.51,43.17,0.06,24.82,1236900,0.079839,1241577384,1241577384
prometheus,2000000,13,0.5904,0.0609,105.52,43.29,0.06,24.62,1236000,0.079652,1240601998,1240601998
prometheus,2000000,14,0.5793,0.051,105.52,47.53,0.07,24.74,1241100,0.079249,1245691792,1245691792
prometheus,2000000,15,0.5831,0.0512,105.51,48.54,0.06,24.69,1239500,0.079226,1244032100,1244032100
prometheus,2000000,16,0.5758,0.0448,105.44,44.47,0.05,24.41,1222800,0.081038,1227545612,1227545612
prometheus,2000000,17,0.587,0.0543,105.48,48.68,0.06,24.82,1237800,0.079056,1242654587,1242654587
prometheus,2000000,18,0.5807,0.0552,105.57,45.42,0.06,24.8,1235700,0.079498,1240294842,1240294842
prometheus,2000000,19,0.5932,0.0621,105.48,46.78,0.05,24.71,1206400,0.079503,1243974295,1243974295
prometheus,2000000,1,0.5947,0.0576,105.45,45.44,0.06,24.47,1227900,0.07959,1240787847,1240787847
prometheus,2000000,20,0.5795,0.0495,105.38,46.12,0.06,24.58,1224100,0.081169,1228831228,1228831228
prometheus,2000000,21,0.602,0.0621,105.43,48.44,0.07,24.75,1231900,0.079408,1244746093,1244746093
prometheus,2000000,22,0.5958,0.0529,105.49,46.19,0.06,24.73,1239400,0.079435,1244012066,1244012066
prometheus,2000000,23,0.5872,0.0559,105.43,45.02,0.07,24.8,1232100,0.080229,1236725631,1236725631
prometheus,2000000,24,0.5899,0.0619,105.5,45.06,0.06,24.61,1223000,0.080102,1235799237,1235799237
prometheus,2000000,25,0.585,0.0556,105.62,46.1,0.06,24.48,1246300,0.079182,1250848111,1250848111
prometheus,2000000,26,0.5918,0.0527,105.51,44.69,0.06,24.52,1238900,0.079398,1243506738,1243506738
prometheus,2000000,27,0.5784,0.0541,105.47,46.02,0.06,24.79,1216300,0.080601,1229075534,1229075534
prometheus,2000000,28,0.5822,0.0477,105.48,45.39,0.06,24.62,1238900,0.079413,1243478051,1243478051
prometheus,2000000,29,0.5893,0.0542,105.55,46.92,0.06,24.66,1234700,0.079659,1247570188,1247570188
prometheus,2000000,2,0.5932,0.0497,105.47,43.7,0.06,24.8,1234300,0.079638,1238881797,1238881797
prometheus,2000000,30,0.5908,0.0594,105.48,48.23,0.06,24.68,1232800,0.079333,1245677081,1245677081
prometheus,2000000,3,0.5724,0.0467,105.49,44.35,0.05,24.79,1240900,0.079499,1245504552,1245504552
prometheus,2000000,4,0.5874,0.0596,105.45,45.64,12.58,24.62,1233800,0.079742,1238409146,1238409146
prometheus,2000000,5,0.5801,0.0552,105.51,46.93,0.06,24.59,1242800,0.079196,1247417752,1247417752
prometheus,2000000,6,0.5863,0.0519,105.45,47.74,0.06,24.59,1234400,0.079795,1238980613,1238980613
prometheus,2000000,7,0.59,0.0561,105.53,45.18,0.06,24.78,1241600,0.079229,1246201941,1246201941
prometheus,2000000,8,0.5788,0.0537,105.44,46.41,0.06,24.5,1234700,0.079275,1247474873,1247474873
prometheus,2000000,9,0.6024,0.0669,105.47,43.41,0.06,24.77,1242300,0.079145,1246870691,1246870691
prometheus,500000,10,0.588,0.0655,104.06,35.76,0.06,24.79,423500,0.079364,425124802,425124802
prometheus,500000,11,0.5766,0.0527,104.14,35.49,0.06,24.42,423800,0.079444,425399066,425399066
prometheus,500000,12,0.5856,0.0618,104.1,35.71,0.06,24.76,413800,0.080146,423567496,423567496
prometheus,500000,13,0.6148,0.2908,104.07,35.61,0.04,24.64,423500,0.0793,425154704,425154704
prometheus,500000,14,0.5877,0.0566,103.97,35.91,0.06,24.64,418500,0.080454,420165130,420165130
prometheus,500000,15,0.5805,0.0548,104.02,34.97,0.04,24.51,411300,0.080541,421025743,421025743
prometheus,500000,16,0.5819,0.0613,103.95,35.68,0.06,24.79,423100,0.079238,424689708,424689708
prometheus,500000,17,0.5806,0.0526,103.97,35.39,0.06,24.78,425000,0.07913,426606421,426606421
prometheus,500000,18,0.5986,0.065,103.95,35.35,0.06,24.79,423700,0.079379,425316607,425316607
prometheus,500000,19,0.5833,0.0483,104.1,36.1,0.06,24.41,414300,0.079064,424073008,424073008
prometheus,500000,1,0.5799,0.0511,103.89,35.06,0.08,24.67,421000,0.080006,422646689,422646689
prometheus,500000,20,0.592,0.0661,103.97,35.59,0.06,24.41,415200,0.079102,425057993,425057993
prometheus,500000,21,0.5824,0.0574,104.04,34.8,0.08,24.77,417400,0.080664,419051928,419051928
prometheus,500000,22,0.5848,0.0492,104.05,36.25,0.06,24.55,414100,0.079548,423989782,423989782
prometheus,500000,23,0.5891,0.0591,103.85,34.73,0.06,24.68,420800,0.080107,422489160,422489160
prometheus,500000,24,0.6079,0.0557,103.93,35.91,0.06,24.52,422600,0.079294,424161954,424161954
prometheus,500000,25,0.5849,0.0601,103.89,35.53,0.04,24.6,414400,0.079745,424181621,424181621
prometheus,500000,26,0.5739,0.0526,104.12,35.52,0.06,24.7,422500,0.079584,424120756,424120756
prometheus,500000,27,0.5974,0.0632,104.08,35.85,0.06,24.69,414000,0.079382,423719404,423719404
prometheus,500000,28,0.5923,0.0645,104.04,35.53,0.06,24.64,419500,0.080289,421148904,421148904
prometheus,500000,29,0.5834,0.0601,104.04,36.09,0.06,24.65,405600,0.080059,423399969,423399969
prometheus,500000,2,0.595,0.0702,104.08,35.37,0.06,24.48,420500,0.079865,422047308,422047308
prometheus,500000,30,0.5963,0.0646,104.06,35.67,0.06,24.81,422400,0.079548,423997040,423997040
prometheus,500000,3,0.5872,0.068,103.87,34.84,0.08,24.67,421300,0.080143,422917864,422917864
prometheus,500000,4,0.6066,0.0683,104.04,35.09,0.06,24.49,423200,0.079396,424800853,424800853
prometheus,500000,5,0.5757,0.0563,104.1,35.68,0.06,24.79,424100,0.079288,425702892,425702892
prometheus,500000,6,0.5883,0.0686,104.1,34.61,0.06,24.79,415500,0.079371,425259241,425259241
prometheus,500000,7,0.5956,0.0706,103.91,34.68,0.06,24.51,419100,0.080649,420773312,420773312
prometheus,500000,8,0.5963,0.0604,104.06,36.02,0.06,24.64,392200,0.079458,426629775,426629775
prometheus,500000,9,0.5905,0.0608,104.12,35.93,0.06,24.59,416400,0.079404,426141174,426141174
sysstat,1000000,10,0.5937,0.0587,104.87,38.38,0.05,13.59,688800,0.079715,691408168,691408168
sysstat,1000000,11,0.586,0.067,104.83,39.55,0.06,13.56,693100,0.079061,695719705,695719705
sysstat,1000000,12,0.5715,0.0639,104.74,40.25,0.05,13.63,654100,0.080813,689109273,689109273
sysstat,1000000,13,0.5815,0.0564,104.87,41.28,0.05,13.66,692600,0.079277,695236332,695236332
sysstat,1000000,14,0.5711,0.0569,104.9,40.78,0.05,13.64,685400,0.079388,696015169,696015169
sysstat,1000000,15,0.5666,0.0493,105.06,41.29,0.05,13.57,697600,0.079144,700166952,700166952
sysstat,1000000,16,0.5646,0.0557,104.75,40.17,0.05,13.58,684500,0.079565,695358124,695358124
sysstat,1000000,17,0.5721,0.0624,104.83,41.55,0.06,13.65,693000,0.079292,695628516,695628516
sysstat,1000000,18,0.5779,0.0655,104.93,40.35,0.05,13.64,684200,0.07928,694880327,694880327
sysstat,1000000,19,0.5754,0.0773,104.98,41.34,0.06,13.6,676700,0.079371,695517692,695517692
sysstat,1000000,1,0.5748,0.0558,104.9,40.69,0.05,13.64,690600,0.079342,693240759,693240759
sysstat,1000000,20,0.5831,0.0612,104.95,40.64,0.07,13.56,693000,0.079242,695693053,695693053
sysstat,1000000,21,0.5643,0.0482,104.87,40.18,0.05,13.7,687200,0.080016,689859415,689859415
sysstat,1000000,22,0.575,0.0502,105.09,39.87,0.06,13.54,697300,0.07904,699919022,699919022
sysstat,1000000,23,0.5808,0.0556,104.89,40.57,0.05,13.65,692700,0.079548,695335123,695335123
sysstat,1000000,24,0.571,0.0533,104.94,41.06,0.05,13.64,691700,0.07925,694275952,694275952
sysstat,1000000,25,0.5957,0.0679,104.95,40.32,0.05,13.7,682800,0.079382,693610406,693610406
sysstat,1000000,26,0.5691,0.0553,104.79,40.06,0.05,13.66,691200,0.079514,693866264,693866264
sysstat,1000000,27,0.5814,0.0634,104.91,39.02,0.06,13.66,692000,0.079406,694640585,694640585
sysstat,1000000,28,0.5751,0.0515,104.9,38.91,0.06,13.59,693600,0.079382,696244567,696244567
sysstat,1000000,29,0.574,0.0528,104.93,38.78,0.05,13.59,685400,0.079317,696091147,696091147
sysstat,1000000,2,0.5729,0.052,104.88,39.56,0.06,13.7,685600,0.079565,688111116,688111116
sysstat,1000000,30,0.5634,0.0524,104.89,39.27,0.06,13.65,691200,0.079768,693837466,693837466
sysstat,1000000,3,0.5663,0.0522,104.72,40.88,0.05,13.57,691700,0.079408,694369578,694369578
sysstat,1000000,4,0.5719,0.0575,104.89,38.28,0.05,13.56,680200,0.081202,682695396,682695396
sysstat,1000000,5,0.5786,0.0636,104.97,40.96,0.05,13.6,695700,0.079483,698317483,698317483
sysstat,1000000,6,0.5742,0.0558,104.75,39.57,23.13,13.57,684800,0.080689,687422295,687422295
sysstat,1000000,7,0.564,0.0579,104.82,39.29,0.05,13.48,692600,0.079433,695148549,695148549
sysstat,1000000,8,0.5659,0.0481,104.93,40.97,0.06,13.57,694200,0.079157,696738742,696738742
sysstat,1000000,9,0.5693,0.054,104.81,39.93,0.05,13.57,689700,0.079585,692330254,692330254
sysstat,100000,10,0.6002,0.069,50.87,28.29,0.04,13.59,100000,0.080954,100468679,100468679
sysstat,100000,11,0.6153,0.08,50.1,28.18,0.08,13.64,100000,0.079311,100466201,100466201
sysstat,100000,12,0.6067,0.0613,50.48,28.05,0.04,13.69,100000,0.078918,100472955,100472955
sysstat,100000,13,0.6114,0.0744,50.22,28.29,0.04,13.69,100000,0.07923,100474212,100474212
sysstat,100000,14,0.638,0.0677,50.33,27.96,0.0,13.64,100000,0.079378,100466032,100466032
sysstat,100000,15,0.6102,0.0713,50.14,27.8,0.04,13.64,100000,0.078897,100465943,100465943
sysstat,100000,16,0.6046,0.064,50.29,28.24,0.08,13.56,100000,0.079283,100467153,100467153
sysstat,100000,17,0.6143,0.072,50.4,28.27,0.08,13.64,100000,0.07943,100466677,100466677
sysstat,100000,18,0.6147,0.0654,50.79,27.89,0.08,13.7,100000,0.08091,100468970,100468970
sysstat,100000,19,0.6094,0.0692,50.4,28.41,0.04,13.58,100000,0.079477,100465737,100465737
sysstat,100000,1,0.6129,0.0672,50.48,28.25,0.08,13.54,100000,0.079489,100465705,100465705
sysstat,100000,20,0.6106,0.0707,50.14,28.28,0.08,13.55,100000,0.079239,100469380,100469380
sysstat,100000,21,0.6268,0.0746,50.56,27.96,64.04,13.69,100000,0.079567,100471981,100471981
sysstat,100000,22,0.6322,0.0973,50.44,28.03,0.04,13.52,100000,0.079502,100468824,100468824
sysstat,100000,23,0.614,0.0853,50.41,28.43,0.08,13.55,100000,0.079955,100465803,100465803
sysstat,100000,24,0.6017,0.0704,50.33,28.4,80.13,13.54,100000,0.079418,100465053,100465053
sysstat,100000,25,0.6133,0.0739,50.33,28.48,0.08,13.62,100000,0.07955,100486633,100486633
sysstat,100000,26,0.6202,0.0827,50.22,28.25,0.08,13.59,100000,0.079657,100466993,100466993
sysstat,100000,27,0.6196,0.0703,50.94,28.26,0.04,13.56,100000,0.080817,100466855,100466855
sysstat,100000,28,0.6072,0.0692,50.25,28.39,0.04,13.57,100000,0.07929,100465431,100465431
sysstat,100000,29,0.6221,0.0785,50.06,28.05,0.04,13.63,100000,0.078968,100465340,100465340
sysstat,100000,2,0.6115,0.0819,50.13,28.13,0.04,13.57,100000,0.079304,100465460,100465460
sysstat,100000,30,0.6136,0.0624,50.52,28.29,0.04,13.59,100000,0.079738,100467455,100467455
sysstat,100000,3,0.6201,0.0705,50.44,28.13,0.08,13.68,100000,0.079238,100486736,100486736
sysstat,100000,4,0.6183,0.0635,50.87,28.27,0.04,13.64,100000,0.080552,100468685,100468685
sysstat,100000,5,0.6046,0.0569,50.33,28.42,0.08,13.58,100000,0.079921,100468803,100468803
sysstat,100000,6,0.6171,0.0748,50.56,28.11,0.08,13.59,100000,0.07947,100475451,100475451
sysstat,100000,7,0.6146,0.0682,49.41,28.44,0.08,13.52,100000,0.077396,100468095,100468095
sysstat,100000,8,0.601,0.0809,50.41,28.07,0.04,13.64,100000,0.079579,100468126,100468126
sysstat,100000,9,0.6244,0.1007,50.79,28.26,0.08,13.55,100000,0.080224,100469031,100469031
sysstat,2000000,10,0.5776,0.056,105.48,46.22,13.52,13.57,1236400,0.079721,1240934602,1240934602
sysstat,2000000,11,0.5742,0.0505,105.56,46.35,0.05,13.63,1227000,0.079403,1239702666,1239702666
sysstat,2000000,12,0.5693,0.0541,105.45,47.09,0.05,13.64,1240000,0.07937,1244592419,1244592419
sysstat,2000000,13,0.5794,0.057,105.46,45.95,0.05,13.56,1230100,0.079381,1242849509,1242849509
sysstat,2000000,14,0.5927,0.0571,105.44,47.44,13.15,13.64,1224700,0.079992,1237628089,1237628089
sysstat,2000000,15,0.5794,0.0522,105.5,48.14,0.06,13.6,1233700,0.07968,1238295586,1238295586
sysstat,2000000,16,0.5746,0.0581,105.57,45.73,0.05,13.53,1244600,0.079218,1249166603,1249166603
sysstat,2000000,17,0.5792,0.0503,105.46,49.08,0.05,13.59,1225400,0.079902,1238131297,1238131297
sysstat,2000000,18,0.5777,0.0555,105.39,46.73,0.06,13.53,1236200,0.079534,1240807494,1240807494
sysstat,2000000,19,0.5806,0.0561,105.49,44.97,0.05,13.64,1232700,0.079857,1237337953,1237337953
sysstat,2000000,1,0.5772,0.0577,105.47,47.32,0.06,13.64,1229400,0.08058,1234069622,1234069622
sysstat,2000000,20,0.5766,0.0513,105.42,46.43,0.05,13.7,1220200,0.081077,1224966628,1224966628
sysstat,2000000,21,0.5807,0.0549,105.45,45.0,0.05,13.61,1231800,0.079406,1244649390,1244649390
sysstat,2000000,22,0.5716,0.0528,105.48,46.65,0.05,13.67,1242700,0.079468,1247358967,1247358967
sysstat,2000000,23,0.5719,0.0519,105.43,48.78,0.05,13.66,1186200,0.079607,1239385987,1239385987
sysstat,2000000,24,0.5837,0.0665,105.5,47.34,0.05,13.64,1240500,0.07917,1245019817,1245019817
sysstat,2000000,25,0.5729,0.0475,105.49,45.2,12.74,13.52,1237700,0.07964,1242307871,1242307871
sysstat,2000000,26,0.5799,0.0524,105.48,46.48,0.05,13.53,1235200,0.079558,1239796546,1239796546
sysstat,2000000,27,0.5797,0.0588,105.5,46.12,0.05,13.57,1238200,0.079414,1242804498,1242804498
sysstat,2000000,28,0.5679,0.0472,105.49,46.18,0.05,13.52,1232200,0.079529,1236825655,1236825655
sysstat,2000000,29,0.567,0.0492,105.54,46.48,0.05,13.7,1241700,0.079156,1246259420,1246259420
sysstat,2000000,2,0.5808,0.0555,105.43,44.47,0.05,13.57,1218900,0.080914,1223678237,1223678237
sysstat,2000000,30,0.5738,0.0508,105.4,47.99,0.05,13.59,1222800,0.080823,1227590336,1227590336
sysstat,2000000,3,0.5789,0.0526,105.52,45.66,0.05,13.55,1238700,0.079714,1243294397,1243294397
sysstat,2000000,4,0.5689,0.0505,105.48,46.3,0.05,13.64,1239400,0.079477,1243966282,1243966282
sysstat,2000000,5,0.571,0.0504,105.51,47.1,0.05,13.59,1235800,0.079723,1240484899,1240484899
sysstat,2000000,6,0.5646,0.0471,105.45,45.99,0.06,13.59,1218500,0.080652,1231431501,1231431501
sysstat,2000000,7,0.5886,0.0631,105.51,49.74,0.05,13.7,1232500,0.079295,1245479476,1245479476
sysstat,2000000,8,0.5802,0.0604,105.42,48.95,0.05,13.7,1237900,0.079316,1242573337,1242573337
sysstat,2000000,9,0.5664,0.0555,105.49,45.08,0.05,13.55,1233000,0.079975,1237529367,1237529367
sysstat,500000,10,0.5898,0.0696,104.06,36.49,0.06,13.6,425100,0.07891,426741010,426741010
sysstat,500000,11,0.5952,0.0701,104.06,35.14,0.04,13.59,422300,0.079403,423909874,423909874
sysstat,500000,12,0.5651,0.0509,103.97,35.85,0.04,13.64,424100,0.078963,425627602,425627602
sysstat,500000,13,0.5798,0.0579,104.12,36.32,0.04,13.57,422400,0.079283,423994594,423994594
sysstat,500000,14,0.5821,0.0629,104.04,36.04,0.04,13.65,423600,0.079237,425203731,425203731
sysstat,500000,15,0.5787,0.0586,104.06,35.44,0.04,13.59,421100,0.079762,422751836,422751836
sysstat,500000,16,0.5632,0.0526,103.89,35.63,0.04,13.54,423200,0.079042,424813471,424813471
sysstat,500000,17,0.5715,0.0591,103.89,35.67,0.06,13.57,412800,0.080054,422480190,422480190
sysstat,500000,18,0.5966,0.0623,104.01,34.8,0.06,13.64,421100,0.079314,422759769,422759769
sysstat,500000,19,0.5842,0.0646,104.14,35.9,0.04,13.59,423400,0.079233,425001367,425001367
sysstat,500000,1,0.5766,0.0616,104.02,36.02,33.89,13.52,414200,0.07945,423916592,423916592
sysstat,500000,20,0.5702,0.0459,104.08,36.05,0.04,13.64,422300,0.079786,423898167,423898167
sysstat,500000,21,0.5529,0.0525,104.12,36.68,0.04,13.57,414900,0.079539,424791608,424791608
sysstat,500000,22,0.5838,0.0619,104.04,36.08,0.06,13.59,418800,0.080563,420472614,420472614
sysstat,500000,23,0.5642,0.0521,104.12,35.94,0.06,13.59,417800,0.078807,427725458,427725458
sysstat,500000,24,0.5713,0.0554,103.87,35.64,0.04,13.59,423800,0.079273,425367792,425367792
sysstat,500000,25,0.5751,0.0662,104.14,35.32,0.06,13.62,423900,0.079105,425537796,425537796
sysstat,500000,26,0.5664,0.0542,104.04,35.41,0.04,13.66,422200,0.079494,423863151,423863151
sysstat,500000,27,0.5706,0.0543,103.95,35.96,0.06,13.65,411700,0.079675,421523599,421523599
sysstat,500000,28,0.5785,0.0507,104.12,35.26,0.04,13.55,423600,0.07954,425213210,425213210
sysstat,500000,29,0.5742,0.0604,103.95,35.63,0.04,13.69,422900,0.079377,424526720,424526720
sysstat,500000,2,0.5675,0.0588,104.12,35.65,0.04,13.56,420900,0.0796,422591720,422591720
sysstat,500000,30,0.5706,0.0504,104.0,35.15,0.06,13.64,409500,0.08135,418986833,418986833
sysstat,500000,3,0.5747,0.0641,103.97,35.58,0.08,13.65,423700,0.078965,425321203,425321203
sysstat,500000,4,0.5727,0.0593,104.02,35.49,0.08,13.57,423400,0.079392,424927087,424927087
sysstat,500000,5,0.5767,0.0673,104.0,35.62,0.06,13.6,417400,0.079214,427086954,427086954
sysstat,500000,6,0.5643,0.0571,104.1,36.06,36.75,13.69,415100,0.079361,424894069,424894069
sysstat,500000,7,0.5844,0.0597,103.95,35.68,0.06,13.68,421200,0.079748,422881012,422881012
sysstat,500000,8,0.5962,0.0673,104.02,34.94,0.08,13.52,422200,0.079616,423772431,423772431
sysstat,500000,9,0.5759,0.0568,104.04,35.36,0.04,13.7,423100,0.079531,424694022,424694022
